-- MariaDB dump 10.19  Distrib 10.8.3-MariaDB, for debian-linux-gnu (x86_64)
--
-- Host: localhost    Database: bugtracker
-- ------------------------------------------------------
-- Server version	10.8.3-MariaDB-1:10.8.3+maria~jammy

/*!40101 SET @OLD_CHARACTER_SET_CLIENT=@@CHARACTER_SET_CLIENT */;
/*!40101 SET @OLD_CHARACTER_SET_RESULTS=@@CHARACTER_SET_RESULTS */;
/*!40101 SET @OLD_COLLATION_CONNECTION=@@COLLATION_CONNECTION */;
/*!40101 SET NAMES utf8mb4 */;
/*!40103 SET @OLD_TIME_ZONE=@@TIME_ZONE */;
/*!40103 SET TIME_ZONE='+00:00' */;
/*!40014 SET @OLD_UNIQUE_CHECKS=@@UNIQUE_CHECKS, UNIQUE_CHECKS=0 */;
/*!40014 SET @OLD_FOREIGN_KEY_CHECKS=@@FOREIGN_KEY_CHECKS, FOREIGN_KEY_CHECKS=0 */;
/*!40101 SET @OLD_SQL_MODE=@@SQL_MODE, SQL_MODE='NO_AUTO_VALUE_ON_ZERO' */;
/*!40111 SET @OLD_SQL_NOTES=@@SQL_NOTES, SQL_NOTES=0 */;

--
-- Table structure for table `mantis_api_token_table`
--

DROP TABLE IF EXISTS `mantis_api_token_table`;
/*!40101 SET @saved_cs_client     = @@character_set_client */;
/*!40101 SET character_set_client = utf8 */;
CREATE TABLE `mantis_api_token_table` (
  `id` int(10) unsigned NOT NULL AUTO_INCREMENT,
  `user_id` int(10) unsigned NOT NULL DEFAULT 0,
  `name` varchar(128) NOT NULL,
  `hash` varchar(128) NOT NULL,
  `date_created` int(10) unsigned NOT NULL DEFAULT 1,
  `date_used` int(10) unsigned NOT NULL DEFAULT 1,
  PRIMARY KEY (`id`),
  UNIQUE KEY `idx_user_id_name` (`user_id`,`name`)
) ENGINE=InnoDB DEFAULT CHARSET=utf8mb3;
/*!40101 SET character_set_client = @saved_cs_client */;

--
-- Dumping data for table `mantis_api_token_table`
--

LOCK TABLES `mantis_api_token_table` WRITE;
/*!40000 ALTER TABLE `mantis_api_token_table` DISABLE KEYS */;
/*!40000 ALTER TABLE `mantis_api_token_table` ENABLE KEYS */;
UNLOCK TABLES;

--
-- Table structure for table `mantis_bug_file_table`
--

DROP TABLE IF EXISTS `mantis_bug_file_table`;
/*!40101 SET @saved_cs_client     = @@character_set_client */;
/*!40101 SET character_set_client = utf8 */;
CREATE TABLE `mantis_bug_file_table` (
  `id` int(10) unsigned NOT NULL AUTO_INCREMENT,
  `bug_id` int(10) unsigned NOT NULL DEFAULT 0,
  `title` varchar(250) NOT NULL DEFAULT '',
  `description` varchar(250) NOT NULL DEFAULT '',
  `diskfile` varchar(250) NOT NULL DEFAULT '',
  `filename` varchar(250) NOT NULL DEFAULT '',
  `folder` varchar(250) NOT NULL DEFAULT '',
  `filesize` int(11) NOT NULL DEFAULT 0,
  `file_type` varchar(250) NOT NULL DEFAULT '',
  `content` longblob DEFAULT NULL,
  `date_added` int(10) unsigned NOT NULL DEFAULT 1,
  `user_id` int(10) unsigned NOT NULL DEFAULT 0,
  `bugnote_id` int(10) unsigned DEFAULT 0,
  PRIMARY KEY (`id`),
  KEY `idx_bug_file_bug_id` (`bug_id`),
  KEY `idx_diskfile` (`diskfile`)
) ENGINE=InnoDB DEFAULT CHARSET=utf8mb3;
/*!40101 SET character_set_client = @saved_cs_client */;

--
-- Dumping data for table `mantis_bug_file_table`
--

LOCK TABLES `mantis_bug_file_table` WRITE;
/*!40000 ALTER TABLE `mantis_bug_file_table` DISABLE KEYS */;
/*!40000 ALTER TABLE `mantis_bug_file_table` ENABLE KEYS */;
UNLOCK TABLES;

--
-- Table structure for table `mantis_bug_history_table`
--

DROP TABLE IF EXISTS `mantis_bug_history_table`;
/*!40101 SET @saved_cs_client     = @@character_set_client */;
/*!40101 SET character_set_client = utf8 */;
CREATE TABLE `mantis_bug_history_table` (
  `id` int(10) unsigned NOT NULL AUTO_INCREMENT,
  `user_id` int(10) unsigned NOT NULL DEFAULT 0,
  `bug_id` int(10) unsigned NOT NULL DEFAULT 0,
  `field_name` varchar(64) NOT NULL,
  `old_value` varchar(255) NOT NULL,
  `new_value` varchar(255) NOT NULL,
  `type` smallint(6) NOT NULL DEFAULT 0,
  `date_modified` int(10) unsigned NOT NULL DEFAULT 1,
  PRIMARY KEY (`id`),
  KEY `idx_bug_history_bug_id` (`bug_id`),
  KEY `idx_history_user_id` (`user_id`),
  KEY `idx_bug_history_date_modified` (`date_modified`)
) ENGINE=InnoDB AUTO_INCREMENT=252 DEFAULT CHARSET=utf8mb3;
/*!40101 SET character_set_client = @saved_cs_client */;

--
-- Dumping data for table `mantis_bug_history_table`
--

LOCK TABLES `mantis_bug_history_table` WRITE;
/*!40000 ALTER TABLE `mantis_bug_history_table` DISABLE KEYS */;
INSERT INTO `mantis_bug_history_table` VALUES
(245,5,28,'','','',1,1656951948),
(246,5,28,'handler_id','0','5',0,1656951948),
(247,5,28,'category','BI','GTI 6.3',0,1656952010),
(248,5,29,'','','',1,1656960140),
(249,5,29,'handler_id','0','5',0,1656960140),
(250,5,29,'handler_id','5','4',0,1656960145),
(251,5,29,'handler_id','4','5',0,1656960432);
/*!40000 ALTER TABLE `mantis_bug_history_table` ENABLE KEYS */;
UNLOCK TABLES;

--
-- Table structure for table `mantis_bug_monitor_table`
--

DROP TABLE IF EXISTS `mantis_bug_monitor_table`;
/*!40101 SET @saved_cs_client     = @@character_set_client */;
/*!40101 SET character_set_client = utf8 */;
CREATE TABLE `mantis_bug_monitor_table` (
  `user_id` int(10) unsigned NOT NULL DEFAULT 0,
  `bug_id` int(10) unsigned NOT NULL DEFAULT 0,
  PRIMARY KEY (`user_id`,`bug_id`),
  KEY `idx_bug_id` (`bug_id`)
) ENGINE=InnoDB DEFAULT CHARSET=utf8mb3;
/*!40101 SET character_set_client = @saved_cs_client */;

--
-- Dumping data for table `mantis_bug_monitor_table`
--

LOCK TABLES `mantis_bug_monitor_table` WRITE;
/*!40000 ALTER TABLE `mantis_bug_monitor_table` DISABLE KEYS */;
/*!40000 ALTER TABLE `mantis_bug_monitor_table` ENABLE KEYS */;
UNLOCK TABLES;

--
-- Table structure for table `mantis_bug_relationship_table`
--

DROP TABLE IF EXISTS `mantis_bug_relationship_table`;
/*!40101 SET @saved_cs_client     = @@character_set_client */;
/*!40101 SET character_set_client = utf8 */;
CREATE TABLE `mantis_bug_relationship_table` (
  `id` int(10) unsigned NOT NULL AUTO_INCREMENT,
  `source_bug_id` int(10) unsigned NOT NULL DEFAULT 0,
  `destination_bug_id` int(10) unsigned NOT NULL DEFAULT 0,
  `relationship_type` smallint(6) NOT NULL DEFAULT 0,
  PRIMARY KEY (`id`),
  KEY `idx_relationship_source` (`source_bug_id`),
  KEY `idx_relationship_destination` (`destination_bug_id`)
) ENGINE=InnoDB DEFAULT CHARSET=utf8mb3;
/*!40101 SET character_set_client = @saved_cs_client */;

--
-- Dumping data for table `mantis_bug_relationship_table`
--

LOCK TABLES `mantis_bug_relationship_table` WRITE;
/*!40000 ALTER TABLE `mantis_bug_relationship_table` DISABLE KEYS */;
/*!40000 ALTER TABLE `mantis_bug_relationship_table` ENABLE KEYS */;
UNLOCK TABLES;

--
-- Table structure for table `mantis_bug_revision_table`
--

DROP TABLE IF EXISTS `mantis_bug_revision_table`;
/*!40101 SET @saved_cs_client     = @@character_set_client */;
/*!40101 SET character_set_client = utf8 */;
CREATE TABLE `mantis_bug_revision_table` (
  `id` int(10) unsigned NOT NULL AUTO_INCREMENT,
  `bug_id` int(10) unsigned NOT NULL,
  `bugnote_id` int(10) unsigned NOT NULL DEFAULT 0,
  `user_id` int(10) unsigned NOT NULL,
  `type` int(10) unsigned NOT NULL,
  `value` longtext NOT NULL,
  `timestamp` int(10) unsigned NOT NULL DEFAULT 1,
  PRIMARY KEY (`id`),
  KEY `idx_bug_rev_type` (`type`),
  KEY `idx_bug_rev_id_time` (`bug_id`,`timestamp`)
) ENGINE=InnoDB AUTO_INCREMENT=7 DEFAULT CHARSET=utf8mb3;
/*!40101 SET character_set_client = @saved_cs_client */;

--
-- Dumping data for table `mantis_bug_revision_table`
--

LOCK TABLES `mantis_bug_revision_table` WRITE;
/*!40000 ALTER TABLE `mantis_bug_revision_table` DISABLE KEYS */;
/*!40000 ALTER TABLE `mantis_bug_revision_table` ENABLE KEYS */;
UNLOCK TABLES;

--
-- Table structure for table `mantis_bug_table`
--

DROP TABLE IF EXISTS `mantis_bug_table`;
/*!40101 SET @saved_cs_client     = @@character_set_client */;
/*!40101 SET character_set_client = utf8 */;
CREATE TABLE `mantis_bug_table` (
  `id` int(10) unsigned NOT NULL AUTO_INCREMENT,
  `project_id` int(10) unsigned NOT NULL DEFAULT 0,
  `reporter_id` int(10) unsigned NOT NULL DEFAULT 0,
  `handler_id` int(10) unsigned NOT NULL DEFAULT 0,
  `duplicate_id` int(10) unsigned NOT NULL DEFAULT 0,
  `priority` smallint(6) NOT NULL DEFAULT 30,
  `severity` smallint(6) NOT NULL DEFAULT 50,
  `reproducibility` smallint(6) NOT NULL DEFAULT 10,
  `status` smallint(6) NOT NULL DEFAULT 10,
  `resolution` smallint(6) NOT NULL DEFAULT 10,
  `projection` smallint(6) NOT NULL DEFAULT 10,
  `eta` smallint(6) NOT NULL DEFAULT 10,
  `bug_text_id` int(10) unsigned NOT NULL DEFAULT 0,
  `os` varchar(32) NOT NULL DEFAULT '',
  `os_build` varchar(32) NOT NULL DEFAULT '',
  `platform` varchar(32) NOT NULL DEFAULT '',
  `version` varchar(64) NOT NULL DEFAULT '',
  `fixed_in_version` varchar(64) NOT NULL DEFAULT '',
  `build` varchar(32) NOT NULL DEFAULT '',
  `profile_id` int(10) unsigned NOT NULL DEFAULT 0,
  `view_state` smallint(6) NOT NULL DEFAULT 10,
  `summary` varchar(128) NOT NULL DEFAULT '',
  `sponsorship_total` int(11) NOT NULL DEFAULT 0,
  `sticky` tinyint(4) NOT NULL DEFAULT 0,
  `target_version` varchar(64) NOT NULL DEFAULT '',
  `category_id` int(10) unsigned NOT NULL DEFAULT 1,
  `date_submitted` int(10) unsigned NOT NULL DEFAULT 1,
  `due_date` int(10) unsigned NOT NULL DEFAULT 1,
  `last_updated` int(10) unsigned NOT NULL DEFAULT 1,
  PRIMARY KEY (`id`),
  KEY `idx_bug_sponsorship_total` (`sponsorship_total`),
  KEY `idx_bug_fixed_in_version` (`fixed_in_version`),
  KEY `idx_bug_status` (`status`),
  KEY `idx_project` (`project_id`)
) ENGINE=InnoDB AUTO_INCREMENT=30 DEFAULT CHARSET=utf8mb3;
/*!40101 SET character_set_client = @saved_cs_client */;

--
-- Dumping data for table `mantis_bug_table`
--

LOCK TABLES `mantis_bug_table` WRITE;
/*!40000 ALTER TABLE `mantis_bug_table` DISABLE KEYS */;
INSERT INTO `mantis_bug_table` VALUES
(28,21,5,5,0,40,10,70,10,10,10,10,28,'','','','','','',0,10,'TESTE CHAMADO GRAVE',0,0,'',1,1656951948,1,1656951948),
(29,16,5,5,0,30,50,70,10,10,10,10,29,'','','','','','',0,10,'DEMANDAS_MARÇO_2022',0,0,'',1,1656960140,1,1656960432);
/*!40000 ALTER TABLE `mantis_bug_table` ENABLE KEYS */;
UNLOCK TABLES;

--
-- Table structure for table `mantis_bug_tag_table`
--

DROP TABLE IF EXISTS `mantis_bug_tag_table`;
/*!40101 SET @saved_cs_client     = @@character_set_client */;
/*!40101 SET character_set_client = utf8 */;
CREATE TABLE `mantis_bug_tag_table` (
  `bug_id` int(10) unsigned NOT NULL DEFAULT 0,
  `tag_id` int(10) unsigned NOT NULL DEFAULT 0,
  `user_id` int(10) unsigned NOT NULL DEFAULT 0,
  `date_attached` int(10) unsigned NOT NULL DEFAULT 1,
  PRIMARY KEY (`bug_id`,`tag_id`),
  KEY `idx_bug_tag_tag_id` (`tag_id`)
) ENGINE=InnoDB DEFAULT CHARSET=utf8mb3;
/*!40101 SET character_set_client = @saved_cs_client */;

--
-- Dumping data for table `mantis_bug_tag_table`
--

LOCK TABLES `mantis_bug_tag_table` WRITE;
/*!40000 ALTER TABLE `mantis_bug_tag_table` DISABLE KEYS */;
/*!40000 ALTER TABLE `mantis_bug_tag_table` ENABLE KEYS */;
UNLOCK TABLES;

--
-- Table structure for table `mantis_bug_text_table`
--

DROP TABLE IF EXISTS `mantis_bug_text_table`;
/*!40101 SET @saved_cs_client     = @@character_set_client */;
/*!40101 SET character_set_client = utf8 */;
CREATE TABLE `mantis_bug_text_table` (
  `id` int(10) unsigned NOT NULL AUTO_INCREMENT,
  `description` longtext NOT NULL,
  `steps_to_reproduce` longtext NOT NULL,
  `additional_information` longtext NOT NULL,
  PRIMARY KEY (`id`)
) ENGINE=InnoDB AUTO_INCREMENT=30 DEFAULT CHARSET=utf8mb3;
/*!40101 SET character_set_client = @saved_cs_client */;

--
-- Dumping data for table `mantis_bug_text_table`
--

LOCK TABLES `mantis_bug_text_table` WRITE;
/*!40000 ALTER TABLE `mantis_bug_text_table` DISABLE KEYS */;
INSERT INTO `mantis_bug_text_table` VALUES
(28,'Helloooo','',''),
(29,'cdewcece','','');
/*!40000 ALTER TABLE `mantis_bug_text_table` ENABLE KEYS */;
UNLOCK TABLES;

--
-- Table structure for table `mantis_bugnote_table`
--

DROP TABLE IF EXISTS `mantis_bugnote_table`;
/*!40101 SET @saved_cs_client     = @@character_set_client */;
/*!40101 SET character_set_client = utf8 */;
CREATE TABLE `mantis_bugnote_table` (
  `id` int(10) unsigned NOT NULL AUTO_INCREMENT,
  `bug_id` int(10) unsigned NOT NULL DEFAULT 0,
  `reporter_id` int(10) unsigned NOT NULL DEFAULT 0,
  `bugnote_text_id` int(10) unsigned NOT NULL DEFAULT 0,
  `view_state` smallint(6) NOT NULL DEFAULT 10,
  `note_type` int(11) DEFAULT 0,
  `note_attr` varchar(250) DEFAULT '',
  `time_tracking` int(10) unsigned NOT NULL DEFAULT 0,
  `last_modified` int(10) unsigned NOT NULL DEFAULT 1,
  `date_submitted` int(10) unsigned NOT NULL DEFAULT 1,
  PRIMARY KEY (`id`),
  KEY `idx_bug` (`bug_id`),
  KEY `idx_last_mod` (`last_modified`)
) ENGINE=InnoDB AUTO_INCREMENT=5 DEFAULT CHARSET=utf8mb3;
/*!40101 SET character_set_client = @saved_cs_client */;

--
-- Dumping data for table `mantis_bugnote_table`
--

LOCK TABLES `mantis_bugnote_table` WRITE;
/*!40000 ALTER TABLE `mantis_bugnote_table` DISABLE KEYS */;
/*!40000 ALTER TABLE `mantis_bugnote_table` ENABLE KEYS */;
UNLOCK TABLES;

--
-- Table structure for table `mantis_bugnote_text_table`
--

DROP TABLE IF EXISTS `mantis_bugnote_text_table`;
/*!40101 SET @saved_cs_client     = @@character_set_client */;
/*!40101 SET character_set_client = utf8 */;
CREATE TABLE `mantis_bugnote_text_table` (
  `id` int(10) unsigned NOT NULL AUTO_INCREMENT,
  `note` longtext NOT NULL,
  PRIMARY KEY (`id`)
) ENGINE=InnoDB AUTO_INCREMENT=5 DEFAULT CHARSET=utf8mb3;
/*!40101 SET character_set_client = @saved_cs_client */;

--
-- Dumping data for table `mantis_bugnote_text_table`
--

LOCK TABLES `mantis_bugnote_text_table` WRITE;
/*!40000 ALTER TABLE `mantis_bugnote_text_table` DISABLE KEYS */;
/*!40000 ALTER TABLE `mantis_bugnote_text_table` ENABLE KEYS */;
UNLOCK TABLES;

--
-- Table structure for table `mantis_category_table`
--

DROP TABLE IF EXISTS `mantis_category_table`;
/*!40101 SET @saved_cs_client     = @@character_set_client */;
/*!40101 SET character_set_client = utf8 */;
CREATE TABLE `mantis_category_table` (
  `id` int(10) unsigned NOT NULL AUTO_INCREMENT,
  `project_id` int(10) unsigned NOT NULL DEFAULT 0,
  `user_id` int(10) unsigned NOT NULL DEFAULT 0,
  `name` varchar(128) NOT NULL DEFAULT '',
  `status` int(10) unsigned NOT NULL DEFAULT 0,
  PRIMARY KEY (`id`),
  UNIQUE KEY `idx_category_project_name` (`project_id`,`name`)
) ENGINE=InnoDB AUTO_INCREMENT=16 DEFAULT CHARSET=utf8mb3;
/*!40101 SET character_set_client = @saved_cs_client */;

--
-- Dumping data for table `mantis_category_table`
--

LOCK TABLES `mantis_category_table` WRITE;
/*!40000 ALTER TABLE `mantis_category_table` DISABLE KEYS */;
INSERT INTO `mantis_category_table` VALUES
(1,0,0,'GTI 6.3',0);
/*!40000 ALTER TABLE `mantis_category_table` ENABLE KEYS */;
UNLOCK TABLES;

--
-- Table structure for table `mantis_config_table`
--

DROP TABLE IF EXISTS `mantis_config_table`;
/*!40101 SET @saved_cs_client     = @@character_set_client */;
/*!40101 SET character_set_client = utf8 */;
CREATE TABLE `mantis_config_table` (
  `config_id` varchar(64) NOT NULL,
  `project_id` int(11) NOT NULL DEFAULT 0,
  `user_id` int(11) NOT NULL DEFAULT 0,
  `access_reqd` int(11) DEFAULT 0,
  `type` int(11) DEFAULT 90,
  `value` longtext NOT NULL,
  PRIMARY KEY (`config_id`,`project_id`,`user_id`)
) ENGINE=InnoDB DEFAULT CHARSET=utf8mb3;
/*!40101 SET character_set_client = @saved_cs_client */;

--
-- Dumping data for table `mantis_config_table`
--

LOCK TABLES `mantis_config_table` WRITE;
/*!40000 ALTER TABLE `mantis_config_table` DISABLE KEYS */;
INSERT INTO `mantis_config_table` VALUES
('csv_columns',0,0,90,3,'[\"id\",\"project_id\",\"reporter_id\",\"handler_id\",\"priority\",\"severity\",\"reproducibility\",\"version\",\"category_id\",\"date_submitted\",\"view_state\",\"last_updated\",\"summary\",\"status\",\"resolution\",\"fixed_in_version\"]'),
('database_version',0,0,90,1,'211'),
('excel_columns',0,0,90,3,'[\"id\",\"project_id\",\"reporter_id\",\"handler_id\",\"priority\",\"severity\",\"reproducibility\",\"version\",\"category_id\",\"date_submitted\",\"os\",\"os_build\",\"platform\",\"view_state\",\"last_updated\",\"summary\",\"status\",\"resolution\",\"fixed_in_version\"]'),
('font_family',0,4,90,2,'Poppins'),
('plugin_Gravatar_schema',0,0,90,1,'-1'),
('plugin_MantisGraph_schema',0,0,90,1,'-1'),
('plugin_XmlImportExport_schema',0,0,90,1,'-1'),
('print_issues_page_columns',0,0,90,3,'[\"selection\",\"priority\",\"id\",\"bugnotes_count\",\"attachment_count\",\"category_id\",\"severity\",\"status\",\"last_updated\",\"summary\"]'),
('status_enum_workflow',0,0,90,3,'{\"10\":\"21:requisitos,100:cancelado\",\"21\":\"31:viabilidade,100:cancelado\",\"31\":\"21:requisitos,41:datamart,100:cancelado\",\"41\":\"21:requisitos,51:cubolap,61:dataviz\",\"51\":\"21:requisitos,41:datamart,61:dataviz\",\"61\":\"21:requisitos,41:datamart,51:cubolap,71:homologa\\u00e7\\u00e3o\",\"71\":\"41:datamart,51:cubolap,61:dataviz,90:fechado\",\"90\":\"\",\"100\":\"\"}'),
('view_issues_page_columns',0,0,90,3,'[\"selection\",\"edit\",\"priority\",\"id\",\"bugnotes_count\",\"attachment_count\",\"category_id\",\"status\",\"last_updated\",\"summary\"]');
/*!40000 ALTER TABLE `mantis_config_table` ENABLE KEYS */;
UNLOCK TABLES;

--
-- Table structure for table `mantis_custom_field_project_table`
--

DROP TABLE IF EXISTS `mantis_custom_field_project_table`;
/*!40101 SET @saved_cs_client     = @@character_set_client */;
/*!40101 SET character_set_client = utf8 */;
CREATE TABLE `mantis_custom_field_project_table` (
  `field_id` int(11) NOT NULL DEFAULT 0,
  `project_id` int(10) unsigned NOT NULL DEFAULT 0,
  `sequence` smallint(6) NOT NULL DEFAULT 0,
  PRIMARY KEY (`field_id`,`project_id`)
) ENGINE=InnoDB DEFAULT CHARSET=utf8mb3;
/*!40101 SET character_set_client = @saved_cs_client */;

--
-- Dumping data for table `mantis_custom_field_project_table`
--

LOCK TABLES `mantis_custom_field_project_table` WRITE;
/*!40000 ALTER TABLE `mantis_custom_field_project_table` DISABLE KEYS */;
/*!40000 ALTER TABLE `mantis_custom_field_project_table` ENABLE KEYS */;
UNLOCK TABLES;

--
-- Table structure for table `mantis_custom_field_string_table`
--

DROP TABLE IF EXISTS `mantis_custom_field_string_table`;
/*!40101 SET @saved_cs_client     = @@character_set_client */;
/*!40101 SET character_set_client = utf8 */;
CREATE TABLE `mantis_custom_field_string_table` (
  `field_id` int(11) NOT NULL DEFAULT 0,
  `bug_id` int(11) NOT NULL DEFAULT 0,
  `value` varchar(255) NOT NULL DEFAULT '',
  `text` longtext DEFAULT NULL,
  PRIMARY KEY (`field_id`,`bug_id`),
  KEY `idx_custom_field_bug` (`bug_id`)
) ENGINE=InnoDB DEFAULT CHARSET=utf8mb3;
/*!40101 SET character_set_client = @saved_cs_client */;

--
-- Dumping data for table `mantis_custom_field_string_table`
--

LOCK TABLES `mantis_custom_field_string_table` WRITE;
/*!40000 ALTER TABLE `mantis_custom_field_string_table` DISABLE KEYS */;
/*!40000 ALTER TABLE `mantis_custom_field_string_table` ENABLE KEYS */;
UNLOCK TABLES;

--
-- Table structure for table `mantis_custom_field_table`
--

DROP TABLE IF EXISTS `mantis_custom_field_table`;
/*!40101 SET @saved_cs_client     = @@character_set_client */;
/*!40101 SET character_set_client = utf8 */;
CREATE TABLE `mantis_custom_field_table` (
  `id` int(11) NOT NULL AUTO_INCREMENT,
  `name` varchar(64) NOT NULL DEFAULT '',
  `type` smallint(6) NOT NULL DEFAULT 0,
  `possible_values` text DEFAULT NULL,
  `default_value` varchar(255) NOT NULL DEFAULT '',
  `valid_regexp` varchar(255) NOT NULL DEFAULT '',
  `access_level_r` smallint(6) NOT NULL DEFAULT 0,
  `access_level_rw` smallint(6) NOT NULL DEFAULT 0,
  `length_min` int(11) NOT NULL DEFAULT 0,
  `length_max` int(11) NOT NULL DEFAULT 0,
  `require_report` tinyint(4) NOT NULL DEFAULT 0,
  `require_update` tinyint(4) NOT NULL DEFAULT 0,
  `display_report` tinyint(4) NOT NULL DEFAULT 0,
  `display_update` tinyint(4) NOT NULL DEFAULT 1,
  `require_resolved` tinyint(4) NOT NULL DEFAULT 0,
  `display_resolved` tinyint(4) NOT NULL DEFAULT 0,
  `display_closed` tinyint(4) NOT NULL DEFAULT 0,
  `require_closed` tinyint(4) NOT NULL DEFAULT 0,
  `filter_by` tinyint(4) NOT NULL DEFAULT 1,
  PRIMARY KEY (`id`),
  KEY `idx_custom_field_name` (`name`)
) ENGINE=InnoDB AUTO_INCREMENT=4 DEFAULT CHARSET=utf8mb3;
/*!40101 SET character_set_client = @saved_cs_client */;

--
-- Dumping data for table `mantis_custom_field_table`
--

LOCK TABLES `mantis_custom_field_table` WRITE;
/*!40000 ALTER TABLE `mantis_custom_field_table` DISABLE KEYS */;
INSERT INTO `mantis_custom_field_table` VALUES
(1,'Data Inicio',8,'','','=today()',10,10,0,0,0,0,0,1,0,0,0,0,1),
(2,'Data fim',8,'','','DD/MM/YYYY',10,25,0,0,0,0,0,1,0,0,0,0,1),
(3,'Diretoria',9,'DAD|DFI|DJU|DPR|DRI|DRM|DSG|DTP','','',10,10,0,0,0,0,1,1,0,0,0,0,1);
/*!40000 ALTER TABLE `mantis_custom_field_table` ENABLE KEYS */;
UNLOCK TABLES;

--
-- Table structure for table `mantis_email_table`
--

DROP TABLE IF EXISTS `mantis_email_table`;
/*!40101 SET @saved_cs_client     = @@character_set_client */;
/*!40101 SET character_set_client = utf8 */;
CREATE TABLE `mantis_email_table` (
  `email_id` int(10) unsigned NOT NULL AUTO_INCREMENT,
  `email` varchar(191) NOT NULL DEFAULT '',
  `subject` varchar(250) NOT NULL DEFAULT '',
  `metadata` longtext NOT NULL,
  `body` longtext NOT NULL,
  `submitted` int(10) unsigned NOT NULL DEFAULT 1,
  PRIMARY KEY (`email_id`)
) ENGINE=InnoDB AUTO_INCREMENT=80 DEFAULT CHARSET=utf8mb3;
/*!40101 SET character_set_client = @saved_cs_client */;

--
-- Dumping data for table `mantis_email_table`
--

LOCK TABLES `mantis_email_table` WRITE;
/*!40000 ALTER TABLE `mantis_email_table` DISABLE KEYS */;
/*!40000 ALTER TABLE `mantis_email_table` ENABLE KEYS */;
UNLOCK TABLES;

--
-- Table structure for table `mantis_filters_table`
--

DROP TABLE IF EXISTS `mantis_filters_table`;
/*!40101 SET @saved_cs_client     = @@character_set_client */;
/*!40101 SET character_set_client = utf8 */;
CREATE TABLE `mantis_filters_table` (
  `id` int(10) unsigned NOT NULL AUTO_INCREMENT,
  `user_id` int(11) NOT NULL DEFAULT 0,
  `project_id` int(11) NOT NULL DEFAULT 0,
  `is_public` tinyint(4) DEFAULT NULL,
  `name` varchar(64) NOT NULL DEFAULT '',
  `filter_string` longtext NOT NULL,
  PRIMARY KEY (`id`)
) ENGINE=InnoDB AUTO_INCREMENT=7 DEFAULT CHARSET=utf8mb3;
/*!40101 SET character_set_client = @saved_cs_client */;

--
-- Dumping data for table `mantis_filters_table`
--

LOCK TABLES `mantis_filters_table` WRITE;
/*!40000 ALTER TABLE `mantis_filters_table` DISABLE KEYS */;
INSERT INTO `mantis_filters_table` VALUES
(1,3,-2,0,'','v9#{\"_version\":\"v9\",\"_view_type\":\"simple\",\"category_id\":[\"0\"],\"severity\":[0],\"status\":[0],\"highlight_changed\":6,\"reporter_id\":[0],\"handler_id\":[0],\"project_id\":[-3],\"resolution\":[0],\"build\":[\"0\"],\"version\":[\"0\"],\"hide_status\":[90],\"monitor_user_id\":[0],\"sort\":\"last_updated\",\"dir\":\"DESC\",\"per_page\":50,\"match_type\":0,\"platform\":[\"0\"],\"os\":[\"0\"],\"os_build\":[\"0\"],\"fixed_in_version\":[\"0\"],\"target_version\":[\"0\"],\"profile_id\":[0],\"priority\":[0],\"note_user_id\":[0],\"sticky\":true,\"filter_by_date\":false,\"start_month\":\"06\",\"end_month\":\"06\",\"start_day\":1,\"end_day\":\"13\",\"start_year\":\"2022\",\"end_year\":\"2022\",\"filter_by_last_updated_date\":false,\"last_updated_start_month\":\"06\",\"last_updated_end_month\":\"06\",\"last_updated_start_day\":1,\"last_updated_end_day\":\"13\",\"last_updated_start_year\":\"2022\",\"last_updated_end_year\":\"2022\",\"search\":\"\",\"view_state\":0,\"tag_string\":\"\",\"tag_select\":0,\"relationship_type\":-1,\"relationship_bug\":0,\"custom_fields\":{\"1\":[\"0\"],\"2\":[\"0\"],\"3\":[\"0\"]}}'),
(2,3,0,0,'','v9#{\"_version\":\"v9\",\"_view_type\":\"simple\",\"category_id\":[\"0\"],\"severity\":[0],\"status\":[0],\"highlight_changed\":6,\"reporter_id\":[0],\"handler_id\":[0],\"project_id\":[-3],\"resolution\":[0],\"build\":[\"0\"],\"version\":[\"0\"],\"hide_status\":[90],\"monitor_user_id\":[0],\"sort\":\"last_updated\",\"dir\":\"DESC\",\"per_page\":50,\"match_type\":0,\"platform\":[\"0\"],\"os\":[\"0\"],\"os_build\":[\"0\"],\"fixed_in_version\":[\"0\"],\"target_version\":[\"0\"],\"profile_id\":[0],\"priority\":[0],\"note_user_id\":[0],\"sticky\":true,\"filter_by_date\":false,\"start_month\":\"06\",\"end_month\":\"06\",\"start_day\":1,\"end_day\":\"13\",\"start_year\":\"2022\",\"end_year\":\"2022\",\"filter_by_last_updated_date\":false,\"last_updated_start_month\":\"06\",\"last_updated_end_month\":\"06\",\"last_updated_start_day\":1,\"last_updated_end_day\":\"13\",\"last_updated_start_year\":\"2022\",\"last_updated_end_year\":\"2022\",\"search\":\"\",\"view_state\":0,\"tag_string\":\"\",\"tag_select\":0,\"relationship_type\":-1,\"relationship_bug\":0,\"custom_fields\":{\"1\":[\"0\"],\"2\":[\"0\"],\"3\":[\"0\"]}}'),
(3,4,-4,0,'','v9#{\"_version\":\"v9\",\"_view_type\":\"simple\",\"category_id\":[\"0\"],\"severity\":[0],\"status\":[0],\"per_page\":50,\"highlight_changed\":6,\"reporter_id\":[0],\"handler_id\":[0],\"project_id\":[-3],\"sort\":\"category_id,last_updated\",\"dir\":\"DESC,DESC\",\"filter_by_date\":false,\"start_month\":6,\"start_day\":1,\"start_year\":2022,\"end_month\":6,\"end_day\":14,\"end_year\":2022,\"filter_by_last_updated_date\":false,\"last_updated_start_month\":6,\"last_updated_start_day\":1,\"last_updated_start_year\":2022,\"last_updated_end_month\":6,\"last_updated_end_day\":14,\"last_updated_end_year\":2022,\"search\":\"\",\"hide_status\":[90],\"resolution\":[0],\"build\":[\"0\"],\"version\":[\"0\"],\"fixed_in_version\":[\"0\"],\"target_version\":[\"0\"],\"priority\":[0],\"monitor_user_id\":[0],\"view_state\":0,\"custom_fields\":{\"1\":[\"0\"],\"2\":[\"0\"],\"3\":[\"0\"]},\"sticky\":true,\"relationship_type\":-1,\"relationship_bug\":0,\"profile_id\":[0],\"platform\":[\"0\"],\"os\":[\"0\"],\"os_build\":[\"0\"],\"tag_string\":\"\",\"tag_select\":0,\"note_user_id\":[0],\"match_type\":0}'),
(4,5,-4,0,'','v9#{\"_version\":\"v9\",\"_view_type\":\"simple\",\"category_id\":[\"0\"],\"severity\":[0],\"status\":[0],\"per_page\":50,\"highlight_changed\":6,\"reporter_id\":[0],\"handler_id\":[0],\"project_id\":[-3],\"sort\":\"id,last_updated\",\"dir\":\"DESC,DESC\",\"filter_by_date\":false,\"start_month\":6,\"start_day\":1,\"start_year\":2022,\"end_month\":6,\"end_day\":23,\"end_year\":2022,\"filter_by_last_updated_date\":false,\"last_updated_start_month\":6,\"last_updated_start_day\":1,\"last_updated_start_year\":2022,\"last_updated_end_month\":6,\"last_updated_end_day\":23,\"last_updated_end_year\":2022,\"search\":\"\",\"hide_status\":[90],\"resolution\":[0],\"build\":[\"0\"],\"version\":[\"0\"],\"fixed_in_version\":[\"0\"],\"target_version\":[\"0\"],\"priority\":[0],\"monitor_user_id\":[0],\"view_state\":0,\"custom_fields\":{\"1\":[\"0\",\"0\",\"0\"],\"2\":[\"0\",\"0\",\"0\"],\"3\":[\"0\"]},\"sticky\":true,\"relationship_type\":-1,\"relationship_bug\":0,\"profile_id\":[0],\"platform\":[\"0\"],\"os\":[\"0\"],\"os_build\":[\"0\"],\"tag_string\":\"\",\"tag_select\":0,\"note_user_id\":[0],\"match_type\":0}'),
(5,5,0,0,'','v9#{\"_version\":\"v9\",\"_view_type\":\"simple\",\"category_id\":[\"0\"],\"severity\":[0],\"status\":[0],\"per_page\":50,\"highlight_changed\":6,\"reporter_id\":[0],\"handler_id\":[0],\"project_id\":[-3],\"sort\":\"status,project_id,last_updated\",\"dir\":\"ASC,ASC,DESC\",\"filter_by_date\":false,\"start_month\":6,\"start_day\":1,\"start_year\":2022,\"end_month\":6,\"end_day\":24,\"end_year\":2022,\"filter_by_last_updated_date\":false,\"last_updated_start_month\":6,\"last_updated_start_day\":1,\"last_updated_start_year\":2022,\"last_updated_end_month\":6,\"last_updated_end_day\":24,\"last_updated_end_year\":2022,\"search\":\"\",\"hide_status\":[90],\"resolution\":[0],\"build\":[\"0\"],\"version\":[\"0\"],\"fixed_in_version\":[\"0\"],\"target_version\":[\"0\"],\"priority\":[0],\"monitor_user_id\":[0],\"view_state\":0,\"custom_fields\":{\"1\":[\"0\",\"1\",\"1\"],\"2\":[\"0\",\"0\",\"0\"],\"3\":[\"0\"]},\"sticky\":true,\"relationship_type\":-1,\"relationship_bug\":0,\"profile_id\":[0],\"platform\":[\"0\"],\"os\":[\"0\"],\"os_build\":[\"0\"],\"tag_string\":\"\",\"tag_select\":0,\"note_user_id\":[0],\"match_type\":0,\"_source_query_id\":5}'),
(6,5,-7,0,'','v9#{\"_version\":\"v9\",\"_view_type\":\"simple\",\"category_id\":[\"0\"],\"severity\":[0],\"status\":[0],\"per_page\":50,\"highlight_changed\":6,\"reporter_id\":[0],\"handler_id\":[0],\"project_id\":[-3],\"sort\":\"last_updated\",\"dir\":\"DESC\",\"filter_by_date\":false,\"start_month\":6,\"start_day\":1,\"start_year\":2022,\"end_month\":6,\"end_day\":28,\"end_year\":2022,\"filter_by_last_updated_date\":false,\"last_updated_start_month\":6,\"last_updated_start_day\":1,\"last_updated_start_year\":2022,\"last_updated_end_month\":6,\"last_updated_end_day\":28,\"last_updated_end_year\":2022,\"search\":\"\",\"hide_status\":[90],\"resolution\":[0],\"build\":[\"0\"],\"version\":[\"0\"],\"fixed_in_version\":[\"0\"],\"target_version\":[\"0\"],\"priority\":[0],\"monitor_user_id\":[0],\"view_state\":0,\"custom_fields\":{\"1\":[\"0\",\"0\",\"0\"],\"2\":[\"0\",\"0\",\"0\"],\"3\":[\"0\"]},\"sticky\":true,\"relationship_type\":-1,\"relationship_bug\":0,\"profile_id\":[0],\"platform\":[\"0\"],\"os\":[\"0\"],\"os_build\":[\"0\"],\"tag_string\":\"\",\"tag_select\":0,\"note_user_id\":[0],\"match_type\":0}');
/*!40000 ALTER TABLE `mantis_filters_table` ENABLE KEYS */;
UNLOCK TABLES;

--
-- Table structure for table `mantis_news_table`
--

DROP TABLE IF EXISTS `mantis_news_table`;
/*!40101 SET @saved_cs_client     = @@character_set_client */;
/*!40101 SET character_set_client = utf8 */;
CREATE TABLE `mantis_news_table` (
  `id` int(10) unsigned NOT NULL AUTO_INCREMENT,
  `project_id` int(10) unsigned NOT NULL DEFAULT 0,
  `poster_id` int(10) unsigned NOT NULL DEFAULT 0,
  `view_state` smallint(6) NOT NULL DEFAULT 10,
  `announcement` tinyint(4) NOT NULL DEFAULT 0,
  `headline` varchar(64) NOT NULL DEFAULT '',
  `body` longtext NOT NULL,
  `last_modified` int(10) unsigned NOT NULL DEFAULT 1,
  `date_posted` int(10) unsigned NOT NULL DEFAULT 1,
  PRIMARY KEY (`id`)
) ENGINE=InnoDB DEFAULT CHARSET=utf8mb3;
/*!40101 SET character_set_client = @saved_cs_client */;

--
-- Dumping data for table `mantis_news_table`
--

LOCK TABLES `mantis_news_table` WRITE;
/*!40000 ALTER TABLE `mantis_news_table` DISABLE KEYS */;
/*!40000 ALTER TABLE `mantis_news_table` ENABLE KEYS */;
UNLOCK TABLES;

--
-- Table structure for table `mantis_plugin_table`
--

DROP TABLE IF EXISTS `mantis_plugin_table`;
/*!40101 SET @saved_cs_client     = @@character_set_client */;
/*!40101 SET character_set_client = utf8 */;
CREATE TABLE `mantis_plugin_table` (
  `basename` varchar(40) NOT NULL,
  `enabled` tinyint(4) NOT NULL DEFAULT 0,
  `protected` tinyint(4) NOT NULL DEFAULT 0,
  `priority` int(10) unsigned NOT NULL DEFAULT 3,
  PRIMARY KEY (`basename`)
) ENGINE=InnoDB DEFAULT CHARSET=utf8mb3;
/*!40101 SET character_set_client = @saved_cs_client */;

--
-- Dumping data for table `mantis_plugin_table`
--

LOCK TABLES `mantis_plugin_table` WRITE;
/*!40000 ALTER TABLE `mantis_plugin_table` DISABLE KEYS */;
INSERT INTO `mantis_plugin_table` VALUES
('Gravatar',1,0,3),
('MantisCoreFormatting',1,0,3),
('MantisGraph',1,0,3),
('XmlImportExport',1,0,3);
/*!40000 ALTER TABLE `mantis_plugin_table` ENABLE KEYS */;
UNLOCK TABLES;

--
-- Table structure for table `mantis_project_file_table`
--

DROP TABLE IF EXISTS `mantis_project_file_table`;
/*!40101 SET @saved_cs_client     = @@character_set_client */;
/*!40101 SET character_set_client = utf8 */;
CREATE TABLE `mantis_project_file_table` (
  `id` int(10) unsigned NOT NULL AUTO_INCREMENT,
  `project_id` int(10) unsigned NOT NULL DEFAULT 0,
  `title` varchar(250) NOT NULL DEFAULT '',
  `description` varchar(250) NOT NULL DEFAULT '',
  `diskfile` varchar(250) NOT NULL DEFAULT '',
  `filename` varchar(250) NOT NULL DEFAULT '',
  `folder` varchar(250) NOT NULL DEFAULT '',
  `filesize` int(11) NOT NULL DEFAULT 0,
  `file_type` varchar(250) NOT NULL DEFAULT '',
  `content` longblob DEFAULT NULL,
  `date_added` int(10) unsigned NOT NULL DEFAULT 1,
  `user_id` int(10) unsigned NOT NULL DEFAULT 0,
  PRIMARY KEY (`id`)
) ENGINE=InnoDB DEFAULT CHARSET=utf8mb3;
/*!40101 SET character_set_client = @saved_cs_client */;

--
-- Dumping data for table `mantis_project_file_table`
--

LOCK TABLES `mantis_project_file_table` WRITE;
/*!40000 ALTER TABLE `mantis_project_file_table` DISABLE KEYS */;
/*!40000 ALTER TABLE `mantis_project_file_table` ENABLE KEYS */;
UNLOCK TABLES;

--
-- Table structure for table `mantis_project_hierarchy_table`
--

DROP TABLE IF EXISTS `mantis_project_hierarchy_table`;
/*!40101 SET @saved_cs_client     = @@character_set_client */;
/*!40101 SET character_set_client = utf8 */;
CREATE TABLE `mantis_project_hierarchy_table` (
  `child_id` int(10) unsigned NOT NULL,
  `parent_id` int(10) unsigned NOT NULL,
  `inherit_parent` tinyint(4) NOT NULL DEFAULT 0,
  UNIQUE KEY `idx_project_hierarchy` (`child_id`,`parent_id`),
  KEY `idx_project_hierarchy_child_id` (`child_id`),
  KEY `idx_project_hierarchy_parent_id` (`parent_id`)
) ENGINE=InnoDB DEFAULT CHARSET=utf8mb3;
/*!40101 SET character_set_client = @saved_cs_client */;

--
-- Dumping data for table `mantis_project_hierarchy_table`
--

LOCK TABLES `mantis_project_hierarchy_table` WRITE;
/*!40000 ALTER TABLE `mantis_project_hierarchy_table` DISABLE KEYS */;
INSERT INTO `mantis_project_hierarchy_table` VALUES
(18,15,1),
(19,15,1),
(20,15,1),
(21,15,1),
(22,15,1),
(23,15,1);
/*!40000 ALTER TABLE `mantis_project_hierarchy_table` ENABLE KEYS */;
UNLOCK TABLES;

--
-- Table structure for table `mantis_project_table`
--

DROP TABLE IF EXISTS `mantis_project_table`;
/*!40101 SET @saved_cs_client     = @@character_set_client */;
/*!40101 SET character_set_client = utf8 */;
CREATE TABLE `mantis_project_table` (
  `id` int(10) unsigned NOT NULL AUTO_INCREMENT,
  `name` varchar(128) NOT NULL DEFAULT '',
  `status` smallint(6) NOT NULL DEFAULT 10,
  `enabled` tinyint(4) NOT NULL DEFAULT 1,
  `view_state` smallint(6) NOT NULL DEFAULT 10,
  `access_min` smallint(6) NOT NULL DEFAULT 10,
  `file_path` varchar(250) NOT NULL DEFAULT '',
  `description` longtext NOT NULL,
  `category_id` int(10) unsigned NOT NULL DEFAULT 1,
  `inherit_global` tinyint(4) NOT NULL DEFAULT 0,
  PRIMARY KEY (`id`),
  UNIQUE KEY `idx_project_name` (`name`),
  KEY `idx_project_view` (`view_state`)
) ENGINE=InnoDB AUTO_INCREMENT=24 DEFAULT CHARSET=utf8mb3;
/*!40101 SET character_set_client = @saved_cs_client */;

--
-- Dumping data for table `mantis_project_table`
--

LOCK TABLES `mantis_project_table` WRITE;
/*!40000 ALTER TABLE `mantis_project_table` DISABLE KEYS */;
INSERT INTO `mantis_project_table` VALUES
(15,'Business Intelligence',10,1,10,10,'','',1,1),
(16,'Banco de Dados',10,1,10,10,'','',1,1),
(18,'Auditoria',10,1,10,10,'','',1,1),
(19,'Relatórios IFS',10,1,10,10,'','',1,1),
(20,'Consultas ADHOC',10,1,10,10,'','',1,1),
(21,'Documentação',10,1,10,10,'','',1,1),
(22,'Painel Estratégico',10,1,10,10,'','',1,1),
(23,'Contabilidade',10,1,10,10,'','',1,1);
/*!40000 ALTER TABLE `mantis_project_table` ENABLE KEYS */;
UNLOCK TABLES;

--
-- Table structure for table `mantis_project_user_list_table`
--

DROP TABLE IF EXISTS `mantis_project_user_list_table`;
/*!40101 SET @saved_cs_client     = @@character_set_client */;
/*!40101 SET character_set_client = utf8 */;
CREATE TABLE `mantis_project_user_list_table` (
  `project_id` int(10) unsigned NOT NULL DEFAULT 0,
  `user_id` int(10) unsigned NOT NULL DEFAULT 0,
  `access_level` smallint(6) NOT NULL DEFAULT 10,
  PRIMARY KEY (`project_id`,`user_id`),
  KEY `idx_project_user` (`user_id`)
) ENGINE=InnoDB DEFAULT CHARSET=utf8mb3;
/*!40101 SET character_set_client = @saved_cs_client */;

--
-- Dumping data for table `mantis_project_user_list_table`
--

LOCK TABLES `mantis_project_user_list_table` WRITE;
/*!40000 ALTER TABLE `mantis_project_user_list_table` DISABLE KEYS */;
/*!40000 ALTER TABLE `mantis_project_user_list_table` ENABLE KEYS */;
UNLOCK TABLES;

--
-- Table structure for table `mantis_project_version_table`
--

DROP TABLE IF EXISTS `mantis_project_version_table`;
/*!40101 SET @saved_cs_client     = @@character_set_client */;
/*!40101 SET character_set_client = utf8 */;
CREATE TABLE `mantis_project_version_table` (
  `id` int(11) NOT NULL AUTO_INCREMENT,
  `project_id` int(10) unsigned NOT NULL DEFAULT 0,
  `version` varchar(64) NOT NULL DEFAULT '',
  `description` longtext NOT NULL,
  `released` tinyint(4) NOT NULL DEFAULT 1,
  `obsolete` tinyint(4) NOT NULL DEFAULT 0,
  `date_order` int(10) unsigned NOT NULL DEFAULT 1,
  PRIMARY KEY (`id`),
  UNIQUE KEY `idx_project_version` (`project_id`,`version`)
) ENGINE=InnoDB DEFAULT CHARSET=utf8mb3;
/*!40101 SET character_set_client = @saved_cs_client */;

--
-- Dumping data for table `mantis_project_version_table`
--

LOCK TABLES `mantis_project_version_table` WRITE;
/*!40000 ALTER TABLE `mantis_project_version_table` DISABLE KEYS */;
/*!40000 ALTER TABLE `mantis_project_version_table` ENABLE KEYS */;
UNLOCK TABLES;

--
-- Table structure for table `mantis_sponsorship_table`
--

DROP TABLE IF EXISTS `mantis_sponsorship_table`;
/*!40101 SET @saved_cs_client     = @@character_set_client */;
/*!40101 SET character_set_client = utf8 */;
CREATE TABLE `mantis_sponsorship_table` (
  `id` int(11) NOT NULL AUTO_INCREMENT,
  `bug_id` int(11) NOT NULL DEFAULT 0,
  `user_id` int(11) NOT NULL DEFAULT 0,
  `amount` int(11) NOT NULL DEFAULT 0,
  `logo` varchar(128) NOT NULL DEFAULT '',
  `url` varchar(128) NOT NULL DEFAULT '',
  `paid` tinyint(4) NOT NULL DEFAULT 0,
  `date_submitted` int(10) unsigned NOT NULL DEFAULT 1,
  `last_updated` int(10) unsigned NOT NULL DEFAULT 1,
  PRIMARY KEY (`id`),
  KEY `idx_sponsorship_bug_id` (`bug_id`),
  KEY `idx_sponsorship_user_id` (`user_id`)
) ENGINE=InnoDB DEFAULT CHARSET=utf8mb3;
/*!40101 SET character_set_client = @saved_cs_client */;

--
-- Dumping data for table `mantis_sponsorship_table`
--

LOCK TABLES `mantis_sponsorship_table` WRITE;
/*!40000 ALTER TABLE `mantis_sponsorship_table` DISABLE KEYS */;
/*!40000 ALTER TABLE `mantis_sponsorship_table` ENABLE KEYS */;
UNLOCK TABLES;

--
-- Table structure for table `mantis_tag_table`
--

DROP TABLE IF EXISTS `mantis_tag_table`;
/*!40101 SET @saved_cs_client     = @@character_set_client */;
/*!40101 SET character_set_client = utf8 */;
CREATE TABLE `mantis_tag_table` (
  `id` int(10) unsigned NOT NULL AUTO_INCREMENT,
  `user_id` int(10) unsigned NOT NULL DEFAULT 0,
  `name` varchar(100) NOT NULL DEFAULT '',
  `description` longtext NOT NULL,
  `date_created` int(10) unsigned NOT NULL DEFAULT 1,
  `date_updated` int(10) unsigned NOT NULL DEFAULT 1,
  PRIMARY KEY (`id`,`name`),
  KEY `idx_tag_name` (`name`)
) ENGINE=InnoDB AUTO_INCREMENT=4 DEFAULT CHARSET=utf8mb3;
/*!40101 SET character_set_client = @saved_cs_client */;

--
-- Dumping data for table `mantis_tag_table`
--

LOCK TABLES `mantis_tag_table` WRITE;
/*!40000 ALTER TABLE `mantis_tag_table` DISABLE KEYS */;
INSERT INTO `mantis_tag_table` VALUES
(1,3,'A','',1655146774,1655146774),
(2,3,'B','',1655146774,1655146774),
(3,3,'C','',1655146774,1655146774);
/*!40000 ALTER TABLE `mantis_tag_table` ENABLE KEYS */;
UNLOCK TABLES;

--
-- Table structure for table `mantis_tokens_table`
--

DROP TABLE IF EXISTS `mantis_tokens_table`;
/*!40101 SET @saved_cs_client     = @@character_set_client */;
/*!40101 SET character_set_client = utf8 */;
CREATE TABLE `mantis_tokens_table` (
  `id` int(11) NOT NULL AUTO_INCREMENT,
  `owner` int(11) NOT NULL,
  `type` int(11) NOT NULL,
  `value` longtext NOT NULL,
  `timestamp` int(10) unsigned NOT NULL DEFAULT 1,
  `expiry` int(10) unsigned NOT NULL DEFAULT 1,
  PRIMARY KEY (`id`),
  KEY `idx_typeowner` (`type`,`owner`)
) ENGINE=InnoDB AUTO_INCREMENT=155 DEFAULT CHARSET=utf8mb3;
/*!40101 SET character_set_client = @saved_cs_client */;

--
-- Dumping data for table `mantis_tokens_table`
--

LOCK TABLES `mantis_tokens_table` WRITE;
/*!40000 ALTER TABLE `mantis_tokens_table` DISABLE KEYS */;
INSERT INTO `mantis_tokens_table` VALUES
(5,3,5,'{\"filter\":false,\"sidebar\":false,\"timeline\":false,\"bugnotes\":true,\"profile\":false,\"assigned\":true}',1655128834,1687875730),
(9,4,5,'{\"filter\":false,\"unassigned\":false,\"sidebar\":false,\"profile\":false,\"assigned\":false,\"reported\":true,\"resolved\":true,\"recent_mod\":true}',1655131604,1687447901),
(12,5,5,'{\"filter\":false,\"sidebar\":false,\"profile\":false}',1655132854,1688224493),
(37,11,5,'{\"filter\":false,\"sidebar\":false}',1655309191,1686845191),
(152,5,3,'29,28',1656951948,1657046833);
/*!40000 ALTER TABLE `mantis_tokens_table` ENABLE KEYS */;
UNLOCK TABLES;

--
-- Table structure for table `mantis_user_pref_table`
--

DROP TABLE IF EXISTS `mantis_user_pref_table`;
/*!40101 SET @saved_cs_client     = @@character_set_client */;
/*!40101 SET character_set_client = utf8 */;
CREATE TABLE `mantis_user_pref_table` (
  `id` int(10) unsigned NOT NULL AUTO_INCREMENT,
  `user_id` int(10) unsigned NOT NULL DEFAULT 0,
  `project_id` int(10) unsigned NOT NULL DEFAULT 0,
  `default_profile` int(10) unsigned NOT NULL DEFAULT 0,
  `default_project` int(10) unsigned NOT NULL DEFAULT 0,
  `refresh_delay` int(11) NOT NULL DEFAULT 0,
  `redirect_delay` int(11) NOT NULL DEFAULT 0,
  `bugnote_order` varchar(4) NOT NULL DEFAULT 'ASC',
  `email_on_new` tinyint(4) NOT NULL DEFAULT 0,
  `email_on_assigned` tinyint(4) NOT NULL DEFAULT 0,
  `email_on_feedback` tinyint(4) NOT NULL DEFAULT 0,
  `email_on_resolved` tinyint(4) NOT NULL DEFAULT 0,
  `email_on_closed` tinyint(4) NOT NULL DEFAULT 0,
  `email_on_reopened` tinyint(4) NOT NULL DEFAULT 0,
  `email_on_bugnote` tinyint(4) NOT NULL DEFAULT 0,
  `email_on_status` tinyint(4) NOT NULL DEFAULT 0,
  `email_on_priority` tinyint(4) NOT NULL DEFAULT 0,
  `email_on_priority_min_severity` smallint(6) NOT NULL DEFAULT 10,
  `email_on_status_min_severity` smallint(6) NOT NULL DEFAULT 10,
  `email_on_bugnote_min_severity` smallint(6) NOT NULL DEFAULT 10,
  `email_on_reopened_min_severity` smallint(6) NOT NULL DEFAULT 10,
  `email_on_closed_min_severity` smallint(6) NOT NULL DEFAULT 10,
  `email_on_resolved_min_severity` smallint(6) NOT NULL DEFAULT 10,
  `email_on_feedback_min_severity` smallint(6) NOT NULL DEFAULT 10,
  `email_on_assigned_min_severity` smallint(6) NOT NULL DEFAULT 10,
  `email_on_new_min_severity` smallint(6) NOT NULL DEFAULT 10,
  `email_bugnote_limit` smallint(6) NOT NULL DEFAULT 0,
  `language` varchar(32) NOT NULL DEFAULT 'english',
  `timezone` varchar(32) NOT NULL DEFAULT '',
  PRIMARY KEY (`id`)
) ENGINE=InnoDB AUTO_INCREMENT=5 DEFAULT CHARSET=utf8mb3;
/*!40101 SET character_set_client = @saved_cs_client */;

--
-- Dumping data for table `mantis_user_pref_table`
--

LOCK TABLES `mantis_user_pref_table` WRITE;
/*!40000 ALTER TABLE `mantis_user_pref_table` DISABLE KEYS */;
INSERT INTO `mantis_user_pref_table` VALUES
(1,4,0,0,0,30,2,'ASC',1,1,1,1,1,1,1,1,1,0,0,0,0,0,0,0,0,0,0,'portuguese_brazil','America/Sao_Paulo'),
(2,3,0,0,0,30,2,'ASC',1,1,1,1,1,1,1,1,1,0,0,0,0,0,0,0,0,0,0,'auto','America/Sao_Paulo'),
(3,12,0,0,0,30,2,'ASC',1,1,1,1,1,0,0,1,0,0,0,0,0,0,0,0,0,0,0,'portuguese_brazil','America/Sao_Paulo'),
(4,5,0,0,0,30,2,'ASC',1,1,1,1,1,1,1,0,0,0,0,0,0,0,0,0,0,0,0,'auto','America/Sao_Paulo');
/*!40000 ALTER TABLE `mantis_user_pref_table` ENABLE KEYS */;
UNLOCK TABLES;

--
-- Table structure for table `mantis_user_print_pref_table`
--

DROP TABLE IF EXISTS `mantis_user_print_pref_table`;
/*!40101 SET @saved_cs_client     = @@character_set_client */;
/*!40101 SET character_set_client = utf8 */;
CREATE TABLE `mantis_user_print_pref_table` (
  `user_id` int(10) unsigned NOT NULL DEFAULT 0,
  `print_pref` varchar(64) NOT NULL,
  PRIMARY KEY (`user_id`)
) ENGINE=InnoDB DEFAULT CHARSET=utf8mb3;
/*!40101 SET character_set_client = @saved_cs_client */;

--
-- Dumping data for table `mantis_user_print_pref_table`
--

LOCK TABLES `mantis_user_print_pref_table` WRITE;
/*!40000 ALTER TABLE `mantis_user_print_pref_table` DISABLE KEYS */;
/*!40000 ALTER TABLE `mantis_user_print_pref_table` ENABLE KEYS */;
UNLOCK TABLES;

--
-- Table structure for table `mantis_user_profile_table`
--

DROP TABLE IF EXISTS `mantis_user_profile_table`;
/*!40101 SET @saved_cs_client     = @@character_set_client */;
/*!40101 SET character_set_client = utf8 */;
CREATE TABLE `mantis_user_profile_table` (
  `id` int(10) unsigned NOT NULL AUTO_INCREMENT,
  `user_id` int(10) unsigned NOT NULL DEFAULT 0,
  `platform` varchar(32) NOT NULL DEFAULT '',
  `os` varchar(32) NOT NULL DEFAULT '',
  `os_build` varchar(32) NOT NULL DEFAULT '',
  `description` longtext NOT NULL,
  PRIMARY KEY (`id`)
) ENGINE=InnoDB DEFAULT CHARSET=utf8mb3;
/*!40101 SET character_set_client = @saved_cs_client */;

--
-- Dumping data for table `mantis_user_profile_table`
--

LOCK TABLES `mantis_user_profile_table` WRITE;
/*!40000 ALTER TABLE `mantis_user_profile_table` DISABLE KEYS */;
/*!40000 ALTER TABLE `mantis_user_profile_table` ENABLE KEYS */;
UNLOCK TABLES;

--
-- Table structure for table `mantis_user_table`
--

DROP TABLE IF EXISTS `mantis_user_table`;
/*!40101 SET @saved_cs_client     = @@character_set_client */;
/*!40101 SET character_set_client = utf8 */;
CREATE TABLE `mantis_user_table` (
  `id` int(10) unsigned NOT NULL AUTO_INCREMENT,
  `username` varchar(191) NOT NULL DEFAULT '',
  `realname` varchar(191) NOT NULL DEFAULT '',
  `email` varchar(191) NOT NULL DEFAULT '',
  `password` varchar(64) NOT NULL DEFAULT '',
  `enabled` tinyint(4) NOT NULL DEFAULT 1,
  `protected` tinyint(4) NOT NULL DEFAULT 0,
  `access_level` smallint(6) NOT NULL DEFAULT 10,
  `login_count` int(11) NOT NULL DEFAULT 0,
  `lost_password_request_count` smallint(6) NOT NULL DEFAULT 0,
  `failed_login_count` smallint(6) NOT NULL DEFAULT 0,
  `cookie_string` varchar(64) NOT NULL DEFAULT '',
  `last_visit` int(10) unsigned NOT NULL DEFAULT 1,
  `date_created` int(10) unsigned NOT NULL DEFAULT 1,
  PRIMARY KEY (`id`),
  UNIQUE KEY `idx_user_cookie_string` (`cookie_string`),
  UNIQUE KEY `idx_user_username` (`username`),
  KEY `idx_enable` (`enabled`),
  KEY `idx_access` (`access_level`),
  KEY `idx_email` (`email`)
) ENGINE=InnoDB AUTO_INCREMENT=13 DEFAULT CHARSET=utf8mb3;
/*!40101 SET character_set_client = @saved_cs_client */;

--
-- Dumping data for table `mantis_user_table`
--

LOCK TABLES `mantis_user_table` WRITE;
/*!40000 ALTER TABLE `mantis_user_table` DISABLE KEYS */;
INSERT INTO `mantis_user_table` VALUES
(1,'administrator','administrator','','1f2779135643d810b30785c92402d97c',1,0,90,5,0,0,'rfdV9RwqP-9fAvZwPD7Yl3D9OwUaSEQiCEB482aPY-KWueTPk0SM-qnfFF-EfQkb',1655129717,1655070182),
(2,'ricky','Ricky Menezes Bruggemann','ricky@cedae.com.br','78b36e4667baac2ddaecf5426589eb94',1,0,90,4,0,0,'E9rRyy0Q4Xo54EP3q3lcDLyE6qE5b65NDGEkgjFlVl_Y9zc-fpnuOjs9lfKV0R3K',1656619013,1655070462),
(3,'alexandre-aguiar','Alexandre Alberto Aguiar','alexandre-aguiar@cedae.com.br','af2a39b33d823e80302b626ac5bd7f78',1,0,90,33,0,0,'gOBM3Mrrkvb4JJ6JQcTcosFiU6DD6losVBouR7-T1j4VdPXdy7xbRbjdRyPw8Y09',1656611186,1655128782),
(4,'erickguerra.ciee','Erick Felipe Pereira Guerra','estagio.bi.2@cedae.com.br','eef7f6fb218deabe06f454cbcdc906ef',1,0,90,26,0,0,'Xi4eZQLMXL4k3pE9rS136MNTtR-Kr0vILItupMHY0b9sXJq128b4KHo1FvB7uI2R',1656600315,1655131360),
(5,'rodrigolima.ciee','Rodrigo de Lima Alves','estagio.bi.1@cedae.com.br','9574fcd5b74d49d7ca934eb7fbff0200',1,0,90,75,0,0,'pV_Ei4ypO6-JHENliG8ROCBjLc5zLchchi0gDT30bAd-UlfjH5epGF2iADtB2k9F',1656961985,1655132820),
(7,'isilva','','','siivhR6sKlqflqAu',1,0,55,0,0,0,'T6B58qmzyQKR1gHm_abGrpPp-e83d7_RIVe5hj6YXvulPTFbQILkNNcIosa316Vn',1655216695,1655216695),
(8,'mauricio-cavadas','','','XIUBht0cFDqd3GcX',1,0,55,0,0,0,'2vLPLex23_mb9tNiXsTgrvOCM2EYpzixlIA7Fim5ASir557F16Ok95vqTlxEuTdq',1655216725,1655216725),
(9,'amarinho','','','-cN-rzGP8NZwv93w',1,0,55,0,0,0,'9Qh_0jXEJXS3i_2KqhIfcZiewC2dM_wKUPqMk7a5Mc4EMdI-q2Tg8gRBT7DMZUGf',1655216755,1655216755),
(10,'mmacedo','Marcio Alexandre Vieira de Macedo','mmacedo@cedae.com.br','fk_IdE6tl1UXi1y1',1,0,90,0,0,3,'i07Sn2AiF-8s77TQyar9jLXYVqkkPzLScOEqkxzvnA5uBLzUnC8D3V5FMHfNUoOp',1655305581,1655305581),
(11,'marciomacedo','Marcio Alexandre Vieira de Macedo','mmacedo@gmfsaneamento.com.br','260638b6b7b4f5bef2728adae7a077f0',1,0,90,7,0,0,'tQg9iaqWydJ0S9XpBQ8hEVtKpBsPrn0XAG4O_wvoi4bSXEjIFSZCvpmBtWU2bavC',1655820193,1655309046),
(12,'reynaldo-dutra','Reynaldo de Souza Dutra','reynaldo.dutra@cedae.com.br','4ac735980e43c19ea4ad2305dff29ed5',1,0,25,1,0,0,'G_ooXh1_L5jHpTcden0IfTB5r_qdp7M1DlJF6gSB5V8jRCz6c55U4eBlYQC2HcWk',1655824609,1655821669);
/*!40000 ALTER TABLE `mantis_user_table` ENABLE KEYS */;
UNLOCK TABLES;
/*!40103 SET TIME_ZONE=@OLD_TIME_ZONE */;

/*!40101 SET SQL_MODE=@OLD_SQL_MODE */;
/*!40014 SET FOREIGN_KEY_CHECKS=@OLD_FOREIGN_KEY_CHECKS */;
/*!40014 SET UNIQUE_CHECKS=@OLD_UNIQUE_CHECKS */;
/*!40101 SET CHARACTER_SET_CLIENT=@OLD_CHARACTER_SET_CLIENT */;
/*!40101 SET CHARACTER_SET_RESULTS=@OLD_CHARACTER_SET_RESULTS */;
/*!40101 SET COLLATION_CONNECTION=@OLD_COLLATION_CONNECTION */;
/*!40111 SET SQL_NOTES=@OLD_SQL_NOTES */;

-- Dump completed on 2022-07-04 19:19:21
